22,45,2023-12-06 15:24:44
22,45,2023-12-06 15:24:45
22,45,2023-12-06 15:24:47
22,45,2023-12-06 15:24:49
22,45,2023-12-06 15:24:50
22,45,2023-12-06 15:24:52
22,45,2023-12-06 15:24:53
22,45,2023-12-06 15:24:55
22,45,2023-12-06 15:24:57
22,45,2023-12-06 15:24:58
22,46,2023-12-06 15:25:00
22,46,2023-12-06 15:25:01
22,47,2023-12-06 15:25:03
22,50,2023-12-06 15:25:04
22,51,2023-12-06 15:25:06
22,53,2023-12-06 15:25:08
22,52,2023-12-06 15:25:09
22,57,2023-12-06 15:25:11
23,95,2023-12-06 15:25:12
23,95,2023-12-06 15:25:14
23,95,2023-12-06 15:25:15
23,95,2023-12-06 15:25:17
23,90,2023-12-06 15:25:18
23,87,2023-12-06 15:25:20
23,85,2023-12-06 15:25:21
23,84,2023-12-06 15:25:23
23,84,2023-12-06 15:25:24
23,82,2023-12-06 15:25:26
23,75,2023-12-06 15:25:28
23,75,2023-12-06 15:25:30
23,72,2023-12-06 15:25:31
23,71,2023-12-06 15:25:33
23,70,2023-12-06 15:25:34
23,69,2023-12-06 15:25:36
23,68,2023-12-06 15:25:37
23,67,2023-12-06 15:25:39
23,66,2023-12-06 15:25:40
23,66,2023-12-06 15:25:42
23,66,2023-12-06 15:25:43
23,66,2023-12-06 15:25:45
24,95,2023-12-06 15:25:46
25,95,2023-12-06 15:25:48
26,95,2023-12-06 15:25:49
27,95,2023-12-06 15:25:51
27,95,2023-12-06 15:25:53
28,95,2023-12-06 15:25:54
28,95,2023-12-06 15:25:56
28,95,2023-12-06 15:25:57
28,95,2023-12-06 15:25:59
29,95,2023-12-06 15:26:00
29,95,2023-12-06 15:26:02
29,95,2023-12-06 15:26:03
29,95,2023-12-06 15:26:05
29,83,2023-12-06 15:26:06
29,88,2023-12-06 15:26:08
29,93,2023-12-06 15:26:09
29,95,2023-12-06 15:26:11
29,95,2023-12-06 15:26:13
29,95,2023-12-06 15:26:14
29,94,2023-12-06 15:26:16
29,87,2023-12-06 15:26:18
28,95,2023-12-06 15:26:19
28,95,2023-12-06 15:26:21
28,95,2023-12-06 15:26:22
28,95,2023-12-06 15:26:24
28,95,2023-12-06 15:26:25
28,95,2023-12-06 15:26:27
27,95,2023-12-06 15:26:29
27,95,2023-12-06 15:26:31
27,95,2023-12-06 15:26:33
27,95,2023-12-06 15:26:34
27,95,2023-12-06 15:26:36
27,95,2023-12-06 15:26:37
27,95,2023-12-06 15:26:39
27,95,2023-12-06 15:26:40
27,95,2023-12-06 15:26:42
26,95,2023-12-06 15:26:43
26,95,2023-12-06 15:26:45
26,95,2023-12-06 15:26:46
26,95,2023-12-06 15:26:48
26,95,2023-12-06 15:26:49
26,95,2023-12-06 15:26:51
26,95,2023-12-06 15:26:52
26,94,2023-12-06 15:26:54
26,92,2023-12-06 15:26:56
26,89,2023-12-06 15:26:57
26,87,2023-12-06 15:26:59
26,84,2023-12-06 15:27:00
26,82,2023-12-06 15:27:02
26,79,2023-12-06 15:27:03
26,77,2023-12-06 15:27:05
26,74,2023-12-06 15:27:06
25,71,2023-12-06 15:27:11
25,65,2023-12-06 15:27:12
25,64,2023-12-06 15:27:14
25,63,2023-12-06 15:27:16
25,61,2023-12-06 15:27:17
25,60,2023-12-06 15:27:19
25,59,2023-12-06 15:27:20
25,58,2023-12-06 15:27:22
25,57,2023-12-06 15:27:23
25,56,2023-12-06 15:27:25
25,55,2023-12-06 15:27:26
25,54,2023-12-06 15:27:28
25,53,2023-12-06 15:27:30
25,52,2023-12-06 15:27:31
25,51,2023-12-06 15:27:33
25,50,2023-12-06 15:27:35
25,50,2023-12-06 15:27:37
25,49,2023-12-06 15:27:38
25,49,2023-12-06 15:27:40
25,48,2023-12-06 15:27:42
25,48,2023-12-06 15:27:43
25,48,2023-12-06 15:27:45
25,47,2023-12-06 15:27:46
25,47,2023-12-06 15:27:48
25,47,2023-12-06 15:27:49
25,46,2023-12-06 15:27:51
25,46,2023-12-06 15:27:52
25,46,2023-12-06 15:27:54
25,46,2023-12-06 15:27:55
25,46,2023-12-06 15:27:57
25,45,2023-12-06 15:27:59
25,45,2023-12-06 15:28:01
25,45,2023-12-06 15:28:02
25,45,2023-12-06 15:28:04
25,45,2023-12-06 15:28:05
25,45,2023-12-06 15:28:07
24,45,2023-12-06 15:28:08
24,44,2023-12-06 15:28:10
25,44,2023-12-06 15:28:11
24,44,2023-12-06 15:28:13
24,44,2023-12-06 15:28:14
24,44,2023-12-06 15:28:17
24,44,2023-12-06 15:28:18
24,44,2023-12-06 15:28:20
24,44,2023-12-06 15:28:21
24,44,2023-12-06 15:28:23
24,44,2023-12-06 15:28:24
24,44,2023-12-06 15:28:26
24,44,2023-12-06 15:28:28
24,44,2023-12-06 15:28:29
24,44,2023-12-06 15:28:31
24,44,2023-12-06 15:28:32
24,44,2023-12-06 15:28:34
24,44,2023-12-06 15:28:35
24,44,2023-12-06 15:28:37
24,44,2023-12-06 15:28:38
24,44,2023-12-06 15:28:40
24,44,2023-12-06 15:28:42
24,44,2023-12-06 15:28:43
24,43,2023-12-06 15:28:45
24,43,2023-12-06 15:28:46
24,43,2023-12-06 15:28:48
24,44,2023-12-06 15:28:49
24,44,2023-12-06 15:28:51
24,44,2023-12-06 15:28:52
24,44,2023-12-06 15:28:54
24,44,2023-12-06 15:28:55
24,43,2023-12-06 15:28:57
24,43,2023-12-06 15:28:59
24,43,2023-12-06 15:29:01
24,43,2023-12-06 15:29:03
24,43,2023-12-06 15:29:05
24,43,2023-12-06 15:29:06
24,43,2023-12-06 15:29:08
24,43,2023-12-06 15:29:10
24,43,2023-12-06 15:29:11
24,44,2023-12-06 15:29:13
24,44,2023-12-06 15:29:14
24,44,2023-12-06 15:29:16
24,44,2023-12-06 15:29:18
24,44,2023-12-06 15:29:19
24,44,2023-12-06 15:29:22
24,44,2023-12-06 15:29:23
24,44,2023-12-06 15:29:25
24,44,2023-12-06 15:29:26
24,44,2023-12-06 15:29:31
24,43,2023-12-06 15:29:32
24,44,2023-12-06 15:29:34
23,44,2023-12-06 15:29:35
24,44,2023-12-06 15:29:37
23,44,2023-12-06 15:29:38
23,44,2023-12-06 15:29:40
23,45,2023-12-06 15:29:41
23,45,2023-12-06 15:29:43
23,45,2023-12-06 15:29:45
23,45,2023-12-06 15:29:46
23,45,2023-12-06 15:29:48
23,44,2023-12-06 15:29:50
23,44,2023-12-06 15:29:51
23,44,2023-12-06 15:29:53
23,45,2023-12-06 15:29:54
23,44,2023-12-06 15:29:56
23,45,2023-12-06 15:29:57
23,45,2023-12-06 15:29:59
23,45,2023-12-06 15:30:00
23,45,2023-12-06 15:30:02
23,45,2023-12-06 15:30:03
23,45,2023-12-06 15:30:05
23,45,2023-12-06 15:30:07
23,46,2023-12-06 15:30:08
23,46,2023-12-06 15:30:11
23,46,2023-12-06 15:30:13
23,46,2023-12-06 15:30:15
23,45,2023-12-06 15:30:16
23,45,2023-12-06 15:30:18
23,45,2023-12-06 15:30:19
23,45,2023-12-06 15:30:21
23,45,2023-12-06 15:30:22
23,45,2023-12-06 15:30:24
23,45,2023-12-06 15:30:26
23,45,2023-12-06 15:30:27
23,45,2023-12-06 15:30:32
23,44,2023-12-06 15:30:34
23,45,2023-12-06 15:30:36
23,44,2023-12-06 15:30:38
23,44,2023-12-06 15:30:39
23,45,2023-12-06 15:30:41
23,44,2023-12-06 15:30:43
23,44,2023-12-06 15:30:46
23,44,2023-12-06 15:30:47
23,45,2023-12-06 15:30:49
23,45,2023-12-06 15:30:50
23,44,2023-12-06 15:30:52
23,45,2023-12-06 15:30:54
23,44,2023-12-06 15:30:56
23,44,2023-12-06 15:30:57
23,44,2023-12-06 15:30:59
23,44,2023-12-06 15:31:00
23,44,2023-12-06 15:31:03
23,44,2023-12-06 15:31:04
23,44,2023-12-06 15:31:06
23,44,2023-12-06 15:31:07
23,44,2023-12-06 15:31:10
23,44,2023-12-06 15:31:11
23,45,2023-12-06 15:31:13
23,45,2023-12-06 15:31:14
23,45,2023-12-06 15:31:16
23,45,2023-12-06 15:31:18
23,45,2023-12-06 15:31:20
23,45,2023-12-06 15:31:21
23,45,2023-12-06 15:31:23
23,45,2023-12-06 15:31:24
23,45,2023-12-06 15:31:26
23,44,2023-12-06 15:31:29
23,44,2023-12-06 15:31:30
23,45,2023-12-06 15:31:32
23,44,2023-12-06 15:31:34
23,44,2023-12-06 15:31:36
23,44,2023-12-06 15:31:38
23,44,2023-12-06 15:31:40
23,44,2023-12-06 15:31:41
23,45,2023-12-06 15:31:43
23,44,2023-12-06 15:31:45
23,44,2023-12-06 15:31:46
23,45,2023-12-06 15:31:48
23,45,2023-12-06 15:31:49
23,45,2023-12-06 15:31:51
23,44,2023-12-06 15:31:53
23,45,2023-12-06 15:31:54
23,45,2023-12-06 15:31:56
23,45,2023-12-06 15:31:57
23,45,2023-12-06 15:31:59
23,45,2023-12-06 15:32:00
23,45,2023-12-06 15:32:02
23,44,2023-12-06 15:32:04
23,44,2023-12-06 15:32:05
23,45,2023-12-06 15:32:07
23,45,2023-12-06 15:32:08
23,45,2023-12-06 15:32:10
23,44,2023-12-06 15:32:11
23,45,2023-12-06 15:32:13
23,45,2023-12-06 15:32:15
23,45,2023-12-06 15:32:16
23,45,2023-12-06 15:32:18
23,45,2023-12-06 15:32:19
23,45,2023-12-06 15:32:21
23,45,2023-12-06 15:32:22
23,45,2023-12-06 15:32:24
23,45,2023-12-06 15:32:25
23,45,2023-12-06 15:32:27
23,45,2023-12-06 15:32:28
23,44,2023-12-06 15:32:30
23,45,2023-12-06 15:32:35
23,44,2023-12-06 15:32:37
23,45,2023-12-06 15:32:38
23,45,2023-12-06 15:32:40
23,45,2023-12-06 15:32:41
23,45,2023-12-06 15:32:43
23,45,2023-12-06 15:32:44
23,45,2023-12-06 15:32:46
23,45,2023-12-06 15:32:47
23,45,2023-12-06 15:32:49
23,45,2023-12-06 15:32:50
23,45,2023-12-06 15:32:52
23,45,2023-12-06 15:32:53
23,45,2023-12-06 15:32:55
23,45,2023-12-06 15:32:57
23,45,2023-12-06 15:32:58
23,45,2023-12-06 15:33:01
23,46,2023-12-06 15:33:06
23,46,2023-12-06 15:33:07
23,46,2023-12-06 15:33:09
23,46,2023-12-06 15:33:10
23,46,2023-12-06 15:33:12
23,46,2023-12-06 15:33:13
23,46,2023-12-06 15:33:15
23,46,2023-12-06 15:33:17
23,46,2023-12-06 15:33:18
23,46,2023-12-06 15:33:20
23,46,2023-12-06 15:33:21
23,46,2023-12-06 15:33:23
23,46,2023-12-06 15:33:24
23,46,2023-12-06 15:33:26
23,46,2023-12-06 15:33:27
23,45,2023-12-06 15:33:29
23,46,2023-12-06 15:33:30
22,46,2023-12-06 15:33:32
23,45,2023-12-06 15:33:33
23,45,2023-12-06 15:33:35
23,45,2023-12-06 15:33:36
23,45,2023-12-06 15:33:38
23,45,2023-12-06 15:33:40
23,45,2023-12-06 15:33:41
23,45,2023-12-06 15:33:46
23,45,2023-12-06 15:33:47
23,45,2023-12-06 15:33:49
22,45,2023-12-06 15:33:50
22,45,2023-12-06 15:33:52
22,45,2023-12-06 15:33:53
22,45,2023-12-06 15:33:55
23,45,2023-12-06 15:33:57
23,45,2023-12-06 15:33:59
23,45,2023-12-06 15:34:00
23,45,2023-12-06 15:34:02
23,45,2023-12-06 15:34:04
23,45,2023-12-06 15:34:06
22,44,2023-12-06 15:34:07
23,45,2023-12-06 15:34:09
23,45,2023-12-06 15:34:10
23,45,2023-12-06 15:34:12
23,45,2023-12-06 15:34:13
23,45,2023-12-06 15:34:15
23,45,2023-12-06 15:34:16
23,45,2023-12-06 15:34:18
23,45,2023-12-06 15:34:20
23,45,2023-12-06 15:34:21
23,45,2023-12-06 15:34:23
22,45,2023-12-06 15:34:24
23,44,2023-12-06 15:34:26
23,45,2023-12-06 15:34:27
22,45,2023-12-06 15:34:29
23,45,2023-12-06 15:34:30
23,44,2023-12-06 15:34:32
22,44,2023-12-06 15:34:33
23,44,2023-12-06 15:34:35
22,44,2023-12-06 15:34:36
23,44,2023-12-06 15:34:38
23,44,2023-12-06 15:34:39
23,44,2023-12-06 15:34:41
22,44,2023-12-06 15:34:43
22,45,2023-12-06 15:34:44
22,44,2023-12-06 15:34:46
22,44,2023-12-06 15:34:47
23,45,2023-12-06 15:34:49
23,44,2023-12-06 15:34:50
22,44,2023-12-06 15:34:52
23,44,2023-12-06 15:34:53
23,44,2023-12-06 15:34:55
22,44,2023-12-06 15:34:56
22,44,2023-12-06 15:34:58
23,44,2023-12-06 15:34:59
22,44,2023-12-06 15:35:01
22,44,2023-12-06 15:35:03
22,44,2023-12-06 15:35:04
22,44,2023-12-06 15:35:06
22,44,2023-12-06 15:35:08
22,44,2023-12-06 15:35:10
22,44,2023-12-06 15:35:11
22,44,2023-12-06 15:35:13
22,44,2023-12-06 15:35:14
22,44,2023-12-06 15:35:16
22,44,2023-12-06 15:35:17
22,44,2023-12-06 15:35:19
22,44,2023-12-06 15:35:20
22,44,2023-12-06 15:35:22
22,44,2023-12-06 15:35:24
23,44,2023-12-06 15:35:25
22,44,2023-12-06 15:35:27
22,45,2023-12-06 15:35:28
22,44,2023-12-06 15:35:30
23,44,2023-12-06 15:35:31
22,44,2023-12-06 15:35:33
22,44,2023-12-06 15:35:34
22,44,2023-12-06 15:35:36
22,44,2023-12-06 15:35:38
22,44,2023-12-06 15:35:40
22,44,2023-12-06 15:35:42
22,44,2023-12-06 15:35:43
22,44,2023-12-06 15:35:45
22,44,2023-12-06 15:35:47
22,44,2023-12-06 15:35:48
22,44,2023-12-06 15:35:50
22,44,2023-12-06 15:35:51
22,44,2023-12-06 15:35:53
22,44,2023-12-06 15:35:54
22,44,2023-12-06 15:35:56
22,44,2023-12-06 15:35:57
22,44,2023-12-06 15:35:59
22,44,2023-12-06 15:36:00
22,44,2023-12-06 15:36:02
22,44,2023-12-06 15:36:03
22,44,2023-12-06 15:36:05
22,44,2023-12-06 15:36:07
22,44,2023-12-06 15:36:08
22,44,2023-12-06 15:36:10
22,44,2023-12-06 15:36:11
22,44,2023-12-06 15:36:13
22,44,2023-12-06 15:36:14
22,44,2023-12-06 15:36:16
22,44,2023-12-06 15:36:18
22,44,2023-12-06 15:36:19
22,45,2023-12-06 15:36:21
22,45,2023-12-06 15:36:22
22,45,2023-12-06 15:36:24
22,46,2023-12-06 15:36:25
22,46,2023-12-06 15:36:27
22,45,2023-12-06 15:36:29
22,45,2023-12-06 15:36:30
22,45,2023-12-06 15:36:32
22,45,2023-12-06 15:36:33
22,45,2023-12-06 15:36:35
22,45,2023-12-06 15:36:37
22,45,2023-12-06 15:36:38
22,45,2023-12-06 15:36:40
22,45,2023-12-06 15:36:41
22,45,2023-12-06 15:36:43
22,45,2023-12-06 15:36:44
22,45,2023-12-06 15:36:46
22,45,2023-12-06 15:36:47
22,45,2023-12-06 15:36:49
22,45,2023-12-06 15:36:51
22,45,2023-12-06 15:36:52
22,45,2023-12-06 15:36:54
22,45,2023-12-06 15:36:55
22,45,2023-12-06 15:36:57
22,45,2023-12-06 15:36:58
22,45,2023-12-06 15:37:00
22,45,2023-12-06 15:37:01
22,45,2023-12-06 15:37:03
22,45,2023-12-06 15:37:04
22,45,2023-12-06 15:37:06
22,45,2023-12-06 15:37:08
22,44,2023-12-06 15:37:10
22,45,2023-12-06 15:37:11
22,45,2023-12-06 15:37:13
22,45,2023-12-06 15:37:17
22,44,2023-12-06 15:37:21
22,44,2023-12-06 15:37:22
22,44,2023-12-06 15:37:24
22,44,2023-12-06 15:37:25
22,45,2023-12-06 15:37:27
22,44,2023-12-06 15:37:28
22,44,2023-12-06 15:37:30
22,44,2023-12-06 15:37:32
22,45,2023-12-06 15:37:33
22,44,2023-12-06 15:37:35
22,44,2023-12-06 15:37:39
22,44,2023-12-06 15:37:41
22,44,2023-12-06 15:37:42
22,44,2023-12-06 15:37:44
22,44,2023-12-06 15:37:45
22,44,2023-12-06 15:37:50
22,44,2023-12-06 15:37:52
22,44,2023-12-06 15:37:54
22,45,2023-12-06 15:37:55
22,45,2023-12-06 15:37:57
22,45,2023-12-06 15:37:58
22,45,2023-12-06 15:38:00
22,45,2023-12-06 15:38:01
22,45,2023-12-06 15:38:03
22,45,2023-12-06 15:38:04
22,45,2023-12-06 15:38:06
22,45,2023-12-06 15:38:09
22,45,2023-12-06 15:38:10
22,45,2023-12-06 15:38:12
22,45,2023-12-06 15:38:14
22,45,2023-12-06 15:38:15
22,45,2023-12-06 15:38:17
22,45,2023-12-06 15:38:18
22,45,2023-12-06 15:38:20
22,45,2023-12-06 15:38:21
22,45,2023-12-06 15:38:23
22,45,2023-12-06 15:38:24
22,45,2023-12-06 15:38:26
22,45,2023-12-06 15:38:27
22,45,2023-12-06 15:38:29
22,45,2023-12-06 15:38:30
22,45,2023-12-06 15:38:32
22,45,2023-12-06 15:38:34
22,45,2023-12-06 15:38:35
22,45,2023-12-06 15:38:37
22,45,2023-12-06 15:38:38
22,45,2023-12-06 15:38:40
22,45,2023-12-06 15:38:41
22,45,2023-12-06 15:38:43
22,45,2023-12-06 15:38:44
22,45,2023-12-06 15:38:46
22,44,2023-12-06 15:38:47
22,44,2023-12-06 15:38:49
22,44,2023-12-06 15:38:50
22,44,2023-12-06 15:38:52
22,45,2023-12-06 15:38:54
22,44,2023-12-06 15:38:56
22,44,2023-12-06 15:38:58
22,44,2023-12-06 15:39:00
22,44,2023-12-06 15:39:01
22,45,2023-12-06 15:39:03
22,45,2023-12-06 15:39:04
22,45,2023-12-06 15:39:06
22,45,2023-12-06 15:39:07
22,45,2023-12-06 15:39:09
22,45,2023-12-06 15:39:11
22,45,2023-12-06 15:39:13
22,45,2023-12-06 15:39:14
22,45,2023-12-06 15:39:16
22,45,2023-12-06 15:39:18
22,45,2023-12-06 15:39:19
22,45,2023-12-06 15:39:21
22,45,2023-12-06 15:39:22
22,45,2023-12-06 15:39:24
22,45,2023-12-06 15:39:25
22,45,2023-12-06 15:39:27
22,45,2023-12-06 15:39:28
22,45,2023-12-06 15:39:30
22,45,2023-12-06 15:39:31
22,45,2023-12-06 15:39:33
22,45,2023-12-06 15:39:34
22,45,2023-12-06 15:39:36
22,45,2023-12-06 15:39:38
22,45,2023-12-06 15:39:39
22,45,2023-12-06 15:39:41
22,45,2023-12-06 15:39:42
22,45,2023-12-06 15:39:44
22,45,2023-12-06 15:39:45
22,45,2023-12-06 15:39:48
22,45,2023-12-06 15:39:50
22,45,2023-12-06 15:39:51
22,45,2023-12-06 15:39:53
22,45,2023-12-06 15:39:54
22,45,2023-12-06 15:39:56
22,45,2023-12-06 15:40:01
22,44,2023-12-06 15:40:02
22,45,2023-12-06 15:40:04
22,45,2023-12-06 15:40:06
22,44,2023-12-06 15:40:10
22,45,2023-12-06 15:40:11
22,45,2023-12-06 15:40:13
22,45,2023-12-06 15:40:15
22,45,2023-12-06 15:40:16
22,45,2023-12-06 15:40:18
22,45,2023-12-06 15:40:19
22,45,2023-12-06 15:40:21
22,45,2023-12-06 15:40:23
22,45,2023-12-06 15:40:24
22,45,2023-12-06 15:40:26
22,45,2023-12-06 15:40:27
22,45,2023-12-06 15:40:29
22,45,2023-12-06 15:40:30
22,45,2023-12-06 15:40:32
22,45,2023-12-06 15:40:33
22,46,2023-12-06 15:40:35
22,46,2023-12-06 15:40:37
22,46,2023-12-06 15:40:39
22,46,2023-12-06 15:40:40
22,46,2023-12-06 15:40:45
22,45,2023-12-06 15:40:47
22,46,2023-12-06 15:40:48
22,46,2023-12-06 15:40:50
22,46,2023-12-06 15:40:52
22,46,2023-12-06 15:40:57
22,46,2023-12-06 15:40:59
22,46,2023-12-06 15:41:01
22,46,2023-12-06 15:41:03
22,46,2023-12-06 15:41:05
22,46,2023-12-06 15:41:06
22,46,2023-12-06 15:41:08
22,46,2023-12-06 15:41:09
22,46,2023-12-06 15:41:11
22,46,2023-12-06 15:41:12
22,46,2023-12-06 15:41:14
22,46,2023-12-06 15:41:16
22,46,2023-12-06 15:41:17
22,45,2023-12-06 15:41:19
22,45,2023-12-06 15:41:21
22,45,2023-12-06 15:41:23
22,45,2023-12-06 15:41:25
22,45,2023-12-06 15:41:27
22,45,2023-12-06 15:41:29
22,45,2023-12-06 15:41:30
22,45,2023-12-06 15:41:32
22,45,2023-12-06 15:41:33
22,45,2023-12-06 15:41:35
22,45,2023-12-06 15:41:36
22,45,2023-12-06 15:41:41
22,44,2023-12-06 15:41:43
22,44,2023-12-06 15:41:45
22,44,2023-12-06 15:41:47
22,44,2023-12-06 15:41:49
22,44,2023-12-06 15:41:50
22,44,2023-12-06 15:41:52
22,44,2023-12-06 15:41:54
22,44,2023-12-06 15:41:55
22,44,2023-12-06 15:41:57
22,44,2023-12-06 15:41:58
22,44,2023-12-06 15:42:04
22,44,2023-12-06 15:42:05
22,44,2023-12-06 15:42:07
22,44,2023-12-06 15:42:08
22,44,2023-12-06 15:42:10
22,44,2023-12-06 15:42:11
22,44,2023-12-06 15:42:13
22,44,2023-12-06 15:42:15
22,44,2023-12-06 15:42:17
22,44,2023-12-06 15:42:19
22,44,2023-12-06 15:42:23
22,44,2023-12-06 15:42:26
22,44,2023-12-06 15:42:28
22,44,2023-12-06 15:42:30
22,44,2023-12-06 15:42:31
22,45,2023-12-06 15:42:33
22,45,2023-12-06 15:42:34
22,44,2023-12-06 15:42:36
22,44,2023-12-06 15:42:38
22,44,2023-12-06 15:42:41
22,45,2023-12-06 15:42:42
22,45,2023-12-06 15:42:44
22,45,2023-12-06 15:42:46
22,45,2023-12-06 15:42:47
22,45,2023-12-06 15:42:49
22,45,2023-12-06 15:42:51
22,45,2023-12-06 15:42:52
22,46,2023-12-06 15:42:54
22,46,2023-12-06 15:42:55
22,46,2023-12-06 15:42:57
22,46,2023-12-06 15:42:58
22,47,2023-12-06 15:43:00
22,47,2023-12-06 15:43:01
22,47,2023-12-06 15:43:03
22,47,2023-12-06 15:43:04
22,47,2023-12-06 15:43:06
22,47,2023-12-06 15:43:07
22,47,2023-12-06 15:43:09
22,47,2023-12-06 15:43:11
22,46,2023-12-06 15:43:12
22,46,2023-12-06 15:43:14
22,46,2023-12-06 15:43:15
22,46,2023-12-06 15:43:17
22,46,2023-12-06 15:43:18
22,46,2023-12-06 15:43:20
22,46,2023-12-06 15:43:21
22,46,2023-12-06 15:43:23
22,46,2023-12-06 15:43:24
22,46,2023-12-06 15:43:26
22,46,2023-12-06 15:43:27
22,46,2023-12-06 15:43:29
22,46,2023-12-06 15:43:31
22,46,2023-12-06 15:43:33
22,45,2023-12-06 15:43:35
22,45,2023-12-06 15:43:37
22,45,2023-12-06 15:43:38
22,45,2023-12-06 15:43:40
22,45,2023-12-06 15:43:41
22,45,2023-12-06 15:43:43
22,45,2023-12-06 15:43:44
22,45,2023-12-06 15:43:46
22,45,2023-12-06 15:43:48
22,45,2023-12-06 15:43:49
22,46,2023-12-06 15:43:52
22,45,2023-12-06 15:43:53
22,46,2023-12-06 15:43:55
22,46,2023-12-06 15:43:56
22,46,2023-12-06 15:43:58
22,46,2023-12-06 15:43:59
22,46,2023-12-06 15:44:01
22,46,2023-12-06 15:44:02
23,46,2023-12-06 15:44:04
22,45,2023-12-06 15:44:05
22,45,2023-12-06 15:44:07
22,45,2023-12-06 15:44:09
22,45,2023-12-06 15:44:11
22,45,2023-12-06 15:44:12
22,45,2023-12-06 15:44:14
22,45,2023-12-06 15:44:16
22,45,2023-12-06 15:44:18
22,45,2023-12-06 15:44:20
22,45,2023-12-06 15:44:21
22,45,2023-12-06 15:44:23
22,45,2023-12-06 15:44:24
22,45,2023-12-06 15:44:26
22,45,2023-12-06 15:44:27
22,45,2023-12-06 15:44:29
22,45,2023-12-06 15:44:30
22,45,2023-12-06 15:44:32
22,45,2023-12-06 15:44:33
22,45,2023-12-06 15:44:36
23,45,2023-12-06 15:44:38
22,45,2023-12-06 15:44:39
22,45,2023-12-06 15:44:41
22,45,2023-12-06 15:44:43
22,45,2023-12-06 15:44:45
22,45,2023-12-06 15:44:47
22,45,2023-12-06 15:44:48
22,45,2023-12-06 15:44:50
23,45,2023-12-06 15:44:52
22,45,2023-12-06 15:44:53
22,45,2023-12-06 15:44:55
22,44,2023-12-06 15:44:57
22,44,2023-12-06 15:44:59
22,44,2023-12-06 15:45:01
22,44,2023-12-06 15:45:02
22,44,2023-12-06 15:45:04
22,44,2023-12-06 15:45:05
22,44,2023-12-06 15:45:07
23,44,2023-12-06 15:45:09
22,44,2023-12-06 15:45:10
22,44,2023-12-06 15:45:12
23,44,2023-12-06 15:45:14
22,44,2023-12-06 15:45:16
22,44,2023-12-06 15:45:18
22,44,2023-12-06 15:45:20
22,44,2023-12-06 15:45:22
22,44,2023-12-06 15:45:24
23,44,2023-12-06 15:45:26
22,44,2023-12-06 15:45:28
22,44,2023-12-06 15:45:29
22,44,2023-12-06 15:45:31
22,44,2023-12-06 15:45:33
22,44,2023-12-06 15:45:34
22,44,2023-12-06 15:45:36
22,44,2023-12-06 15:45:37
22,44,2023-12-06 15:45:40
22,44,2023-12-06 15:45:41
22,44,2023-12-06 15:45:43
22,44,2023-12-06 15:45:45
22,44,2023-12-06 15:45:46
22,44,2023-12-06 15:45:48
22,44,2023-12-06 15:45:50
23,44,2023-12-06 15:45:52
22,44,2023-12-06 15:45:54
22,44,2023-12-06 15:45:56
22,44,2023-12-06 15:45:58
23,44,2023-12-06 15:46:00
22,44,2023-12-06 15:46:02
22,44,2023-12-06 15:46:03
23,44,2023-12-06 15:46:05
23,44,2023-12-06 15:46:07
22,44,2023-12-06 15:46:09
22,44,2023-12-06 15:46:11
23,44,2023-12-06 15:46:13
23,43,2023-12-06 15:46:14
23,44,2023-12-06 15:46:16
23,43,2023-12-06 15:46:19
23,43,2023-12-06 15:46:20
23,43,2023-12-06 15:46:22
23,43,2023-12-06 15:46:24
22,43,2023-12-06 15:46:26
22,43,2023-12-06 15:46:28
22,43,2023-12-06 15:46:30
22,43,2023-12-06 15:46:32
23,43,2023-12-06 15:46:34
23,43,2023-12-06 15:46:36
22,43,2023-12-06 15:46:38
22,43,2023-12-06 15:46:40
22,43,2023-12-06 15:46:42
22,43,2023-12-06 15:46:44
22,43,2023-12-06 15:46:45
23,44,2023-12-06 15:46:47
22,44,2023-12-06 15:46:49
23,44,2023-12-06 15:46:50
23,44,2023-12-06 15:46:52
22,44,2023-12-06 15:46:54
22,44,2023-12-06 15:46:55
22,44,2023-12-06 15:46:57
23,44,2023-12-06 15:46:58
22,44,2023-12-06 15:47:00
22,43,2023-12-06 15:47:02
22,44,2023-12-06 15:47:04
23,44,2023-12-06 15:47:06
22,44,2023-12-06 15:47:08
23,43,2023-12-06 15:47:09
22,44,2023-12-06 15:47:11
23,43,2023-12-06 15:47:13
22,43,2023-12-06 15:47:14
23,43,2023-12-06 15:47:16
22,43,2023-12-06 15:47:17
23,43,2023-12-06 15:47:19
23,43,2023-12-06 15:47:20
22,43,2023-12-06 15:47:22
23,43,2023-12-06 15:47:23
23,43,2023-12-06 15:47:25
23,43,2023-12-06 15:47:27
22,43,2023-12-06 15:47:28
22,43,2023-12-06 15:47:30
22,43,2023-12-06 15:47:31
23,43,2023-12-06 15:47:33
22,43,2023-12-06 15:47:35
23,43,2023-12-06 15:47:36
22,43,2023-12-06 15:47:38
23,43,2023-12-06 15:47:39
23,43,2023-12-06 15:47:41
23,43,2023-12-06 15:47:42
23,43,2023-12-06 15:47:44
23,43,2023-12-06 15:47:46
23,43,2023-12-06 15:47:47
22,43,2023-12-06 15:47:49
22,43,2023-12-06 15:47:50
22,43,2023-12-06 15:47:52
23,43,2023-12-06 15:47:54
22,43,2023-12-06 15:47:55
22,43,2023-12-06 15:47:57
22,43,2023-12-06 15:47:58
22,43,2023-12-06 15:48:00
22,43,2023-12-06 15:48:01
22,43,2023-12-06 15:48:03
22,43,2023-12-06 15:48:04
22,43,2023-12-06 15:48:06
22,43,2023-12-06 15:48:08
22,43,2023-12-06 15:48:09
22,43,2023-12-06 15:48:11
22,44,2023-12-06 15:48:12
22,43,2023-12-06 15:48:14
23,43,2023-12-06 15:48:15
23,44,2023-12-06 15:48:17
22,44,2023-12-06 15:48:18
22,44,2023-12-06 15:48:20
22,44,2023-12-06 15:48:21
23,44,2023-12-06 15:48:23
23,44,2023-12-06 15:48:24
22,44,2023-12-06 15:48:26
23,44,2023-12-06 15:48:27
23,44,2023-12-06 15:48:29
23,44,2023-12-06 15:48:31
23,44,2023-12-06 15:48:32
22,44,2023-12-06 15:48:34
23,44,2023-12-06 15:48:36
23,44,2023-12-06 15:48:37
23,44,2023-12-06 15:48:39
